{"features": ["lag_1_cantidad_en_temporada", "Descripci\u00f3n Familia", "a\u00f1o", "Tienda", "margen_unitario", "month_cos", "rolling_6m_cantidad_en_temporada", "lag_3_cantidad_en_temporada", "month_sin", "Talla", "precio_relativo", "quarter", "mes", "es_rebajas", "seasonality_index_invierno", "seasonality_index_verano", "lag_12_cantidad_en_temporada", "quarter_cos", "quarter_sin"], "cat_features": ["Tienda", "Descripci\u00f3n Familia", "Talla", "quarter"], "model_name": "catboost_aggressive", "validation": {"r2": 0.8607393800211101, "rmse": 2.914707958706077, "mae": 1.9634923091451189, "cv_r2": 0.4999330288040691, "cv_rmse": 5.1927392433081785, "overfitting_score": -0.3607926741197891, "cv_scores": {"conservative": {"r2": 0.44546715976086043, "rmse": 5.523100995657813, "mae": 3.703420789461578, "std_r2": 0.15313368189473134, "std_rmse": 0.5587043797895603}, "balanced": {"r2": 0.47398384410467403, "rmse": 5.365417940223366, "mae": 3.533678961254381, "std_r2": 0.1532184435698986, "std_rmse": 0.5024684619776172}, "aggressive": {"r2": 0.4999330288040691, "rmse": 5.1927392433081785, "mae": 3.33116967778294, "std_r2": 0.16802210810432097, "std_rmse": 0.4431011093555014}}}, "prediction_constraints": {"min_value": 0, "max_multiplier": 3}}