{"features": ["lag_1_cantidad_fuera_temporada", "month_cos", "rolling_6m_cantidad_fuera_temporada", "Descripci\u00f3n Familia", "a\u00f1o", "mes", "month_sin", "margen_unitario", "es_rebajas", "Tienda", "precio_relativo", "Season", "lag_3_cantidad_fuera_temporada", "lag_12_cantidad_fuera_temporada", "seasonality_index_verano", "seasonality_index_invierno", "quarter", "Talla", "quarter_cos", "quarter_sin"], "cat_features": ["Tienda", "Descripci\u00f3n Familia", "Talla", "Season", "quarter"], "model_name": "catboost_conservative", "validation": {"r2": 0.698444262187327, "rmse": 6.58435365233968, "mae": 3.394106955278888, "cv_r2": 0.4297282693873645, "cv_rmse": 9.742649535199362, "overfitting_score": -0.2687159927999625, "cv_scores": {"conservative": {"r2": 0.4297282693873645, "rmse": 9.742649535199362, "mae": 4.484857955134818, "std_r2": 0.1688877675889602, "std_rmse": 3.7151013967548487}, "balanced": {"r2": 0.41851204368074013, "rmse": 9.838989459441422, "mae": 4.473295944286352, "std_r2": 0.2006995258858529, "std_rmse": 3.9666877432922045}, "aggressive": {"r2": 0.4232873346883544, "rmse": 9.826568563290946, "mae": 4.436305247086019, "std_r2": 0.21647243708718533, "std_rmse": 4.117333385089858}}}, "prediction_constraints": {"min_value": 0, "max_multiplier": 3}}